,open,high,low,close,volume,value,candle_type
2017-09-25 00:00:00,,,,,,,
2017-09-25 00:01:00,,,,,,,
2017-09-25 00:02:00,,,,,,,
2017-09-25 00:03:00,,,,,,,
2017-09-25 00:04:00,,,,,,,
2017-09-25 00:05:00,,,,,,,
2017-09-25 00:06:00,,,,,,,
2017-09-25 00:07:00,,,,,,,
2017-09-25 00:08:00,,,,,,,
2017-09-25 00:09:00,,,,,,,
2017-09-25 00:10:00,,,,,,,
2017-09-25 00:11:00,,,,,,,
2017-09-25 00:12:00,,,,,,,
2017-09-25 00:13:00,,,,,,,
2017-09-25 00:14:00,,,,,,,
2017-09-25 00:15:00,,,,,,,
2017-09-25 00:16:00,,,,,,,
2017-09-25 00:17:00,,,,,,,
2017-09-25 00:18:00,,,,,,,
2017-09-25 00:19:00,,,,,,,
2017-09-25 00:20:00,,,,,,,
2017-09-25 00:21:00,,,,,,,
2017-09-25 00:22:00,,,,,,,
2017-09-25 00:23:00,,,,,,,
2017-09-25 00:24:00,,,,,,,
2017-09-25 00:25:00,,,,,,,
2017-09-25 00:26:00,,,,,,,
2017-09-25 00:27:00,,,,,,,
2017-09-25 00:28:00,,,,,,,
2017-09-25 00:29:00,,,,,,,
2017-09-25 00:30:00,,,,,,,
2017-09-25 00:31:00,,,,,,,
2017-09-25 00:32:00,,,,,,,
2017-09-25 00:33:00,,,,,,,
2017-09-25 00:34:00,,,,,,,
2017-09-25 00:35:00,,,,,,,
2017-09-25 00:36:00,,,,,,,
2017-09-25 00:37:00,,,,,,,
2017-09-25 00:38:00,,,,,,,
2017-09-25 00:39:00,,,,,,,
2017-09-25 00:40:00,,,,,,,
2017-09-25 00:41:00,,,,,,,
2017-09-25 00:42:00,,,,,,,
2017-09-25 00:43:00,,,,,,,
2017-09-25 00:44:00,,,,,,,
2017-09-25 00:45:00,,,,,,,
2017-09-25 00:46:00,,,,,,,
2017-09-25 00:47:00,,,,,,,
2017-09-25 00:48:00,,,,,,,
2017-09-25 00:49:00,,,,,,,
2017-09-25 00:50:00,,,,,,,
2017-09-25 00:51:00,,,,,,,
2017-09-25 00:52:00,,,,,,,
2017-09-25 00:53:00,,,,,,,
2017-09-25 00:54:00,,,,,,,
2017-09-25 00:55:00,,,,,,,
2017-09-25 00:56:00,,,,,,,
2017-09-25 00:57:00,,,,,,,
2017-09-25 00:58:00,,,,,,,
2017-09-25 00:59:00,,,,,,,
2017-09-25 01:00:00,,,,,,,
2017-09-25 01:01:00,,,,,,,
2017-09-25 01:02:00,,,,,,,
2017-09-25 01:03:00,,,,,,,
2017-09-25 01:04:00,,,,,,,
2017-09-25 01:05:00,,,,,,,
2017-09-25 01:06:00,,,,,,,
2017-09-25 01:07:00,,,,,,,
2017-09-25 01:08:00,,,,,,,
2017-09-25 01:09:00,,,,,,,
2017-09-25 01:10:00,,,,,,,
2017-09-25 01:11:00,,,,,,,
2017-09-25 01:12:00,,,,,,,
2017-09-25 01:13:00,,,,,,,
2017-09-25 01:14:00,,,,,,,
2017-09-25 01:15:00,,,,,,,
2017-09-25 01:16:00,,,,,,,
2017-09-25 01:17:00,,,,,,,
2017-09-25 01:18:00,,,,,,,
2017-09-25 01:19:00,,,,,,,
2017-09-25 01:20:00,,,,,,,
2017-09-25 01:21:00,,,,,,,
2017-09-25 01:22:00,,,,,,,
2017-09-25 01:23:00,,,,,,,
2017-09-25 01:24:00,,,,,,,
2017-09-25 01:25:00,,,,,,,
2017-09-25 01:26:00,,,,,,,
2017-09-25 01:27:00,,,,,,,
2017-09-25 01:28:00,,,,,,,
2017-09-25 01:29:00,,,,,,,
2017-09-25 01:30:00,,,,,,,
2017-09-25 01:31:00,,,,,,,
2017-09-25 01:32:00,,,,,,,
2017-09-25 01:33:00,,,,,,,
2017-09-25 01:34:00,,,,,,,
2017-09-25 01:35:00,,,,,,,
2017-09-25 01:36:00,,,,,,,
2017-09-25 01:37:00,,,,,,,
2017-09-25 01:38:00,,,,,,,
2017-09-25 01:39:00,,,,,,,
2017-09-25 01:40:00,,,,,,,
2017-09-25 01:41:00,,,,,,,
2017-09-25 01:42:00,,,,,,,
2017-09-25 01:43:00,,,,,,,
2017-09-25 01:44:00,,,,,,,
2017-09-25 01:45:00,,,,,,,
2017-09-25 01:46:00,,,,,,,
2017-09-25 01:47:00,,,,,,,
2017-09-25 01:48:00,,,,,,,
2017-09-25 01:49:00,,,,,,,
2017-09-25 01:50:00,,,,,,,
2017-09-25 01:51:00,,,,,,,
2017-09-25 01:52:00,,,,,,,
2017-09-25 01:53:00,,,,,,,
2017-09-25 01:54:00,,,,,,,
2017-09-25 01:55:00,,,,,,,
2017-09-25 01:56:00,,,,,,,
2017-09-25 01:57:00,,,,,,,
2017-09-25 01:58:00,,,,,,,
2017-09-25 01:59:00,,,,,,,
2017-09-25 02:00:00,,,,,,,
2017-09-25 02:01:00,,,,,,,
2017-09-25 02:02:00,,,,,,,
2017-09-25 02:03:00,,,,,,,
2017-09-25 02:04:00,,,,,,,
2017-09-25 02:05:00,,,,,,,
2017-09-25 02:06:00,,,,,,,
2017-09-25 02:07:00,,,,,,,
2017-09-25 02:08:00,,,,,,,
2017-09-25 02:09:00,,,,,,,
2017-09-25 02:10:00,,,,,,,
2017-09-25 02:11:00,,,,,,,
2017-09-25 02:12:00,,,,,,,
2017-09-25 02:13:00,,,,,,,
2017-09-25 02:14:00,,,,,,,
2017-09-25 02:15:00,,,,,,,
2017-09-25 02:16:00,,,,,,,
2017-09-25 02:17:00,,,,,,,
2017-09-25 02:18:00,,,,,,,
2017-09-25 02:19:00,,,,,,,
2017-09-25 02:20:00,,,,,,,
2017-09-25 02:21:00,,,,,,,
2017-09-25 02:22:00,,,,,,,
2017-09-25 02:23:00,,,,,,,
2017-09-25 02:24:00,,,,,,,
2017-09-25 02:25:00,,,,,,,
2017-09-25 02:26:00,,,,,,,
2017-09-25 02:27:00,,,,,,,
2017-09-25 02:28:00,,,,,,,
2017-09-25 02:29:00,,,,,,,
2017-09-25 02:30:00,,,,,,,
2017-09-25 02:31:00,,,,,,,
2017-09-25 02:32:00,,,,,,,
2017-09-25 02:33:00,,,,,,,
2017-09-25 02:34:00,,,,,,,
2017-09-25 02:35:00,,,,,,,
2017-09-25 02:36:00,,,,,,,
2017-09-25 02:37:00,,,,,,,
2017-09-25 02:38:00,,,,,,,
2017-09-25 02:39:00,,,,,,,
2017-09-25 02:40:00,,,,,,,
2017-09-25 02:41:00,,,,,,,
2017-09-25 02:42:00,,,,,,,
2017-09-25 02:43:00,,,,,,,
2017-09-25 02:44:00,,,,,,,
2017-09-25 02:45:00,,,,,,,
2017-09-25 02:46:00,,,,,,,
2017-09-25 02:47:00,,,,,,,
2017-09-25 02:48:00,,,,,,,
2017-09-25 02:49:00,,,,,,,
2017-09-25 02:50:00,,,,,,,
2017-09-25 02:51:00,,,,,,,
2017-09-25 02:52:00,,,,,,,
2017-09-25 02:53:00,,,,,,,
2017-09-25 02:54:00,,,,,,,
2017-09-25 02:55:00,,,,,,,
2017-09-25 02:56:00,,,,,,,
2017-09-25 02:57:00,,,,,,,
2017-09-25 02:58:00,,,,,,,
2017-09-25 02:59:00,,,,,,,
2017-09-25 03:00:00,,,,,,,
2017-09-25 03:01:00,,,,,,,
2017-09-25 03:02:00,,,,,,,
2017-09-25 03:03:00,,,,,,,
2017-09-25 03:04:00,,,,,,,
2017-09-25 03:05:00,,,,,,,
2017-09-25 03:06:00,,,,,,,
2017-09-25 03:07:00,,,,,,,
2017-09-25 03:08:00,,,,,,,
2017-09-25 03:09:00,,,,,,,
2017-09-25 03:10:00,,,,,,,
2017-09-25 03:11:00,,,,,,,
2017-09-25 03:12:00,,,,,,,
2017-09-25 03:13:00,,,,,,,
2017-09-25 03:14:00,,,,,,,
2017-09-25 03:15:00,,,,,,,
2017-09-25 03:16:00,,,,,,,
2017-09-25 03:17:00,,,,,,,
2017-09-25 03:18:00,,,,,,,
2017-09-25 03:19:00,,,,,,,
2017-09-25 03:20:00,,,,,,,
2017-09-25 03:21:00,,,,,,,
2017-09-25 03:22:00,,,,,,,
2017-09-25 03:23:00,,,,,,,
2017-09-25 03:24:00,,,,,,,
2017-09-25 03:25:00,,,,,,,
2017-09-25 03:26:00,,,,,,,
2017-09-25 03:27:00,,,,,,,
2017-09-25 03:28:00,,,,,,,
2017-09-25 03:29:00,,,,,,,
2017-09-25 03:30:00,,,,,,,
2017-09-25 03:31:00,,,,,,,
2017-09-25 03:32:00,,,,,,,
2017-09-25 03:33:00,,,,,,,
2017-09-25 03:34:00,,,,,,,
2017-09-25 03:35:00,,,,,,,
2017-09-25 03:36:00,,,,,,,
2017-09-25 03:37:00,,,,,,,
2017-09-25 03:38:00,,,,,,,
2017-09-25 03:39:00,,,,,,,
2017-09-25 03:40:00,,,,,,,
2017-09-25 03:41:00,,,,,,,
2017-09-25 03:42:00,,,,,,,
2017-09-25 03:43:00,,,,,,,
2017-09-25 03:44:00,,,,,,,
2017-09-25 03:45:00,,,,,,,
2017-09-25 03:46:00,,,,,,,
2017-09-25 03:47:00,,,,,,,
2017-09-25 03:48:00,,,,,,,
2017-09-25 03:49:00,,,,,,,
2017-09-25 03:50:00,,,,,,,
2017-09-25 03:51:00,,,,,,,
2017-09-25 03:52:00,,,,,,,
2017-09-25 03:53:00,,,,,,,
2017-09-25 03:54:00,,,,,,,
2017-09-25 03:55:00,,,,,,,
2017-09-25 03:56:00,,,,,,,
2017-09-25 03:57:00,,,,,,,
2017-09-25 03:58:00,,,,,,,
2017-09-25 03:59:00,,,,,,,
2017-09-25 04:00:00,,,,,,,
2017-09-25 04:01:00,,,,,,,
2017-09-25 04:02:00,,,,,,,
2017-09-25 04:03:00,,,,,,,
2017-09-25 04:04:00,,,,,,,
2017-09-25 04:05:00,,,,,,,
2017-09-25 04:06:00,,,,,,,
2017-09-25 04:07:00,,,,,,,
2017-09-25 04:08:00,,,,,,,
2017-09-25 04:09:00,,,,,,,
2017-09-25 04:10:00,,,,,,,
2017-09-25 04:11:00,,,,,,,
2017-09-25 04:12:00,,,,,,,
2017-09-25 04:13:00,,,,,,,
2017-09-25 04:14:00,,,,,,,
2017-09-25 04:15:00,,,,,,,
2017-09-25 04:16:00,,,,,,,
2017-09-25 04:17:00,,,,,,,
2017-09-25 04:18:00,,,,,,,
2017-09-25 04:19:00,,,,,,,
2017-09-25 04:20:00,,,,,,,
2017-09-25 04:21:00,,,,,,,
2017-09-25 04:22:00,,,,,,,
2017-09-25 04:23:00,,,,,,,
2017-09-25 04:24:00,,,,,,,
2017-09-25 04:25:00,,,,,,,
2017-09-25 04:26:00,,,,,,,
2017-09-25 04:27:00,,,,,,,
2017-09-25 04:28:00,,,,,,,
2017-09-25 04:29:00,,,,,,,
2017-09-25 04:30:00,,,,,,,
2017-09-25 04:31:00,,,,,,,
2017-09-25 04:32:00,,,,,,,
2017-09-25 04:33:00,,,,,,,
2017-09-25 04:34:00,,,,,,,
2017-09-25 04:35:00,,,,,,,
2017-09-25 04:36:00,,,,,,,
2017-09-25 04:37:00,,,,,,,
2017-09-25 04:38:00,,,,,,,
2017-09-25 04:39:00,,,,,,,
2017-09-25 04:40:00,,,,,,,
2017-09-25 04:41:00,,,,,,,
2017-09-25 04:42:00,,,,,,,
2017-09-25 04:43:00,,,,,,,
2017-09-25 04:44:00,,,,,,,
2017-09-25 04:45:00,,,,,,,
2017-09-25 04:46:00,,,,,,,
2017-09-25 04:47:00,,,,,,,
2017-09-25 04:48:00,,,,,,,
2017-09-25 04:49:00,,,,,,,
2017-09-25 04:50:00,,,,,,,
2017-09-25 04:51:00,,,,,,,
2017-09-25 04:52:00,,,,,,,
2017-09-25 04:53:00,,,,,,,
2017-09-25 04:54:00,,,,,,,
2017-09-25 04:55:00,,,,,,,
2017-09-25 04:56:00,,,,,,,
2017-09-25 04:57:00,,,,,,,
2017-09-25 04:58:00,,,,,,,
2017-09-25 04:59:00,,,,,,,
2017-09-25 05:00:00,,,,,,,
2017-09-25 05:01:00,,,,,,,
2017-09-25 05:02:00,,,,,,,
2017-09-25 05:03:00,,,,,,,
2017-09-25 05:04:00,,,,,,,
2017-09-25 05:05:00,,,,,,,
2017-09-25 05:06:00,,,,,,,
2017-09-25 05:07:00,,,,,,,
2017-09-25 05:08:00,,,,,,,
2017-09-25 05:09:00,,,,,,,
2017-09-25 05:10:00,,,,,,,
2017-09-25 05:11:00,,,,,,,
2017-09-25 05:12:00,,,,,,,
2017-09-25 05:13:00,,,,,,,
2017-09-25 05:14:00,,,,,,,
2017-09-25 05:15:00,,,,,,,
2017-09-25 05:16:00,,,,,,,
2017-09-25 05:17:00,,,,,,,
2017-09-25 05:18:00,,,,,,,
2017-09-25 05:19:00,,,,,,,
2017-09-25 05:20:00,,,,,,,
2017-09-25 05:21:00,,,,,,,
2017-09-25 05:22:00,,,,,,,
2017-09-25 05:23:00,,,,,,,
2017-09-25 05:24:00,,,,,,,
2017-09-25 05:25:00,,,,,,,
2017-09-25 05:26:00,,,,,,,
2017-09-25 05:27:00,,,,,,,
2017-09-25 05:28:00,,,,,,,
2017-09-25 05:29:00,,,,,,,
2017-09-25 05:30:00,,,,,,,
2017-09-25 05:31:00,,,,,,,
2017-09-25 05:32:00,,,,,,,
2017-09-25 05:33:00,,,,,,,
2017-09-25 05:34:00,,,,,,,
2017-09-25 05:35:00,,,,,,,
2017-09-25 05:36:00,,,,,,,
2017-09-25 05:37:00,,,,,,,
2017-09-25 05:38:00,,,,,,,
2017-09-25 05:39:00,,,,,,,
2017-09-25 05:40:00,,,,,,,
2017-09-25 05:41:00,,,,,,,
2017-09-25 05:42:00,,,,,,,
2017-09-25 05:43:00,,,,,,,
2017-09-25 05:44:00,,,,,,,
2017-09-25 05:45:00,,,,,,,
2017-09-25 05:46:00,,,,,,,
2017-09-25 05:47:00,,,,,,,
2017-09-25 05:48:00,,,,,,,
2017-09-25 05:49:00,,,,,,,
2017-09-25 05:50:00,,,,,,,
2017-09-25 05:51:00,,,,,,,
2017-09-25 05:52:00,,,,,,,
2017-09-25 05:53:00,,,,,,,
2017-09-25 05:54:00,,,,,,,
2017-09-25 05:55:00,,,,,,,
2017-09-25 05:56:00,,,,,,,
2017-09-25 05:57:00,,,,,,,
2017-09-25 05:58:00,,,,,,,
2017-09-25 05:59:00,,,,,,,
2017-09-25 06:00:00,,,,,,,
2017-09-25 06:01:00,,,,,,,
2017-09-25 06:02:00,,,,,,,
2017-09-25 06:03:00,,,,,,,
2017-09-25 06:04:00,,,,,,,
2017-09-25 06:05:00,,,,,,,
2017-09-25 06:06:00,,,,,,,
2017-09-25 06:07:00,,,,,,,
2017-09-25 06:08:00,,,,,,,
2017-09-25 06:09:00,,,,,,,
2017-09-25 06:10:00,,,,,,,
2017-09-25 06:11:00,,,,,,,
2017-09-25 06:12:00,,,,,,,
2017-09-25 06:13:00,,,,,,,
2017-09-25 06:14:00,,,,,,,
2017-09-25 06:15:00,,,,,,,
2017-09-25 06:16:00,,,,,,,
2017-09-25 06:17:00,,,,,,,
2017-09-25 06:18:00,,,,,,,
2017-09-25 06:19:00,,,,,,,
2017-09-25 06:20:00,,,,,,,
2017-09-25 06:21:00,,,,,,,
2017-09-25 06:22:00,,,,,,,
2017-09-25 06:23:00,,,,,,,
2017-09-25 06:24:00,,,,,,,
2017-09-25 06:25:00,,,,,,,
2017-09-25 06:26:00,,,,,,,
2017-09-25 06:27:00,,,,,,,
2017-09-25 06:28:00,,,,,,,
2017-09-25 06:29:00,,,,,,,
2017-09-25 06:30:00,,,,,,,
2017-09-25 06:31:00,,,,,,,
2017-09-25 06:32:00,,,,,,,
2017-09-25 06:33:00,,,,,,,
2017-09-25 06:34:00,,,,,,,
2017-09-25 06:35:00,,,,,,,
2017-09-25 06:36:00,,,,,,,
2017-09-25 06:37:00,,,,,,,
2017-09-25 06:38:00,,,,,,,
2017-09-25 06:39:00,,,,,,,
2017-09-25 06:40:00,,,,,,,
2017-09-25 06:41:00,,,,,,,
2017-09-25 06:42:00,,,,,,,
2017-09-25 06:43:00,,,,,,,
2017-09-25 06:44:00,,,,,,,
2017-09-25 06:45:00,,,,,,,
2017-09-25 06:46:00,,,,,,,
2017-09-25 06:47:00,,,,,,,
2017-09-25 06:48:00,,,,,,,
2017-09-25 06:49:00,,,,,,,
2017-09-25 06:50:00,,,,,,,
2017-09-25 06:51:00,,,,,,,
2017-09-25 06:52:00,,,,,,,
2017-09-25 06:53:00,,,,,,,
2017-09-25 06:54:00,,,,,,,
2017-09-25 06:55:00,,,,,,,
2017-09-25 06:56:00,,,,,,,
2017-09-25 06:57:00,,,,,,,
2017-09-25 06:58:00,,,,,,,
2017-09-25 06:59:00,,,,,,,
2017-09-25 07:00:00,,,,,,,
2017-09-25 07:01:00,,,,,,,
2017-09-25 07:02:00,,,,,,,
2017-09-25 07:03:00,,,,,,,
2017-09-25 07:04:00,,,,,,,
2017-09-25 07:05:00,,,,,,,
2017-09-25 07:06:00,,,,,,,
2017-09-25 07:07:00,,,,,,,
2017-09-25 07:08:00,,,,,,,
2017-09-25 07:09:00,,,,,,,
2017-09-25 07:10:00,,,,,,,
2017-09-25 07:11:00,,,,,,,
2017-09-25 07:12:00,,,,,,,
2017-09-25 07:13:00,,,,,,,
2017-09-25 07:14:00,,,,,,,
2017-09-25 07:15:00,,,,,,,
2017-09-25 07:16:00,,,,,,,
2017-09-25 07:17:00,,,,,,,
2017-09-25 07:18:00,,,,,,,
2017-09-25 07:19:00,,,,,,,
2017-09-25 07:20:00,,,,,,,
2017-09-25 07:21:00,,,,,,,
2017-09-25 07:22:00,,,,,,,
2017-09-25 07:23:00,,,,,,,
2017-09-25 07:24:00,,,,,,,
2017-09-25 07:25:00,,,,,,,
2017-09-25 07:26:00,,,,,,,
2017-09-25 07:27:00,,,,,,,
2017-09-25 07:28:00,,,,,,,
2017-09-25 07:29:00,,,,,,,
2017-09-25 07:30:00,,,,,,,
2017-09-25 07:31:00,,,,,,,
2017-09-25 07:32:00,,,,,,,
2017-09-25 07:33:00,,,,,,,
2017-09-25 07:34:00,,,,,,,
2017-09-25 07:35:00,,,,,,,
2017-09-25 07:36:00,,,,,,,
2017-09-25 07:37:00,,,,,,,
2017-09-25 07:38:00,,,,,,,
2017-09-25 07:39:00,,,,,,,
2017-09-25 07:40:00,,,,,,,
2017-09-25 07:41:00,,,,,,,
2017-09-25 07:42:00,,,,,,,
2017-09-25 07:43:00,,,,,,,
2017-09-25 07:44:00,,,,,,,
2017-09-25 07:45:00,,,,,,,
2017-09-25 07:46:00,,,,,,,
2017-09-25 07:47:00,,,,,,,
2017-09-25 07:48:00,,,,,,,
2017-09-25 07:49:00,,,,,,,
2017-09-25 07:50:00,,,,,,,
2017-09-25 07:51:00,,,,,,,
2017-09-25 07:52:00,,,,,,,
2017-09-25 07:53:00,,,,,,,
2017-09-25 07:54:00,,,,,,,
2017-09-25 07:55:00,,,,,,,
2017-09-25 07:56:00,,,,,,,
2017-09-25 07:57:00,,,,,,,
2017-09-25 07:58:00,,,,,,,
2017-09-25 07:59:00,,,,,,,
2017-09-25 08:00:00,,,,,,,
2017-09-25 08:01:00,,,,,,,
2017-09-25 08:02:00,,,,,,,
2017-09-25 08:03:00,,,,,,,
2017-09-25 08:04:00,,,,,,,
2017-09-25 08:05:00,,,,,,,
2017-09-25 08:06:00,,,,,,,
2017-09-25 08:07:00,,,,,,,
2017-09-25 08:08:00,,,,,,,
2017-09-25 08:09:00,,,,,,,
2017-09-25 08:10:00,,,,,,,
2017-09-25 08:11:00,,,,,,,
2017-09-25 08:12:00,,,,,,,
2017-09-25 08:13:00,,,,,,,
2017-09-25 08:14:00,,,,,,,
2017-09-25 08:15:00,,,,,,,
2017-09-25 08:16:00,,,,,,,
2017-09-25 08:17:00,,,,,,,
2017-09-25 08:18:00,,,,,,,
2017-09-25 08:19:00,,,,,,,
2017-09-25 08:20:00,,,,,,,
2017-09-25 08:21:00,,,,,,,
2017-09-25 08:22:00,,,,,,,
2017-09-25 08:23:00,,,,,,,
2017-09-25 08:24:00,,,,,,,
2017-09-25 08:25:00,,,,,,,
2017-09-25 08:26:00,,,,,,,
2017-09-25 08:27:00,,,,,,,
2017-09-25 08:28:00,,,,,,,
2017-09-25 08:29:00,,,,,,,
2017-09-25 08:30:00,,,,,,,
2017-09-25 08:31:00,,,,,,,
2017-09-25 08:32:00,,,,,,,
2017-09-25 08:33:00,,,,,,,
2017-09-25 08:34:00,,,,,,,
2017-09-25 08:35:00,,,,,,,
2017-09-25 08:36:00,,,,,,,
2017-09-25 08:37:00,,,,,,,
2017-09-25 08:38:00,,,,,,,
2017-09-25 08:39:00,,,,,,,
2017-09-25 08:40:00,,,,,,,
2017-09-25 08:41:00,,,,,,,
2017-09-25 08:42:00,,,,,,,
2017-09-25 08:43:00,,,,,,,
2017-09-25 08:44:00,,,,,,,
2017-09-25 08:45:00,,,,,,,
2017-09-25 08:46:00,,,,,,,
2017-09-25 08:47:00,,,,,,,
2017-09-25 08:48:00,,,,,,,
2017-09-25 08:49:00,,,,,,,
2017-09-25 08:50:00,,,,,,,
2017-09-25 08:51:00,,,,,,,
2017-09-25 08:52:00,,,,,,,
2017-09-25 08:53:00,,,,,,,
2017-09-25 08:54:00,,,,,,,
2017-09-25 08:55:00,,,,,,,
2017-09-25 08:56:00,,,,,,,
2017-09-25 08:57:00,,,,,,,
2017-09-25 08:58:00,,,,,,,
2017-09-25 08:59:00,,,,,,,
2017-09-25 09:00:00,,,,,,,
2017-09-25 09:01:00,,,,,,,
2017-09-25 09:02:00,,,,,,,
2017-09-25 09:03:00,,,,,,,
2017-09-25 09:04:00,,,,,,,
2017-09-25 09:05:00,,,,,,,
2017-09-25 09:06:00,,,,,,,
2017-09-25 09:07:00,,,,,,,
2017-09-25 09:08:00,,,,,,,
2017-09-25 09:09:00,,,,,,,
2017-09-25 09:10:00,,,,,,,
2017-09-25 09:11:00,,,,,,,
2017-09-25 09:12:00,,,,,,,
2017-09-25 09:13:00,,,,,,,
2017-09-25 09:14:00,,,,,,,
2017-09-25 09:15:00,,,,,,,
2017-09-25 09:16:00,,,,,,,
2017-09-25 09:17:00,,,,,,,
2017-09-25 09:18:00,,,,,,,
2017-09-25 09:19:00,,,,,,,
2017-09-25 09:20:00,,,,,,,
2017-09-25 09:21:00,,,,,,,
2017-09-25 09:22:00,,,,,,,
2017-09-25 09:23:00,,,,,,,
2017-09-25 09:24:00,,,,,,,
2017-09-25 09:25:00,,,,,,,
2017-09-25 09:26:00,,,,,,,
2017-09-25 09:27:00,,,,,,,
2017-09-25 09:28:00,,,,,,,
2017-09-25 09:29:00,,,,,,,
2017-09-25 09:30:00,,,,,,,
2017-09-25 09:31:00,,,,,,,
2017-09-25 09:32:00,,,,,,,
2017-09-25 09:33:00,,,,,,,
2017-09-25 09:34:00,,,,,,,
2017-09-25 09:35:00,,,,,,,
2017-09-25 09:36:00,,,,,,,
2017-09-25 09:37:00,,,,,,,
2017-09-25 09:38:00,,,,,,,
2017-09-25 09:39:00,,,,,,,
2017-09-25 09:40:00,,,,,,,
2017-09-25 09:41:00,,,,,,,
2017-09-25 09:42:00,,,,,,,
2017-09-25 09:43:00,,,,,,,
2017-09-25 09:44:00,,,,,,,
2017-09-25 09:45:00,,,,,,,
2017-09-25 09:46:00,,,,,,,
2017-09-25 09:47:00,,,,,,,
2017-09-25 09:48:00,,,,,,,
2017-09-25 09:49:00,,,,,,,
2017-09-25 09:50:00,,,,,,,
2017-09-25 09:51:00,,,,,,,
2017-09-25 09:52:00,,,,,,,
2017-09-25 09:53:00,,,,,,,
2017-09-25 09:54:00,,,,,,,
2017-09-25 09:55:00,,,,,,,
2017-09-25 09:56:00,,,,,,,
2017-09-25 09:57:00,,,,,,,
2017-09-25 09:58:00,,,,,,,
2017-09-25 09:59:00,,,,,,,
2017-09-25 10:00:00,,,,,,,
2017-09-25 10:01:00,,,,,,,
2017-09-25 10:02:00,,,,,,,
2017-09-25 10:03:00,,,,,,,
2017-09-25 10:04:00,,,,,,,
2017-09-25 10:05:00,,,,,,,
2017-09-25 10:06:00,,,,,,,
2017-09-25 10:07:00,,,,,,,
2017-09-25 10:08:00,,,,,,,
2017-09-25 10:09:00,,,,,,,
2017-09-25 10:10:00,,,,,,,
2017-09-25 10:11:00,,,,,,,
2017-09-25 10:12:00,,,,,,,
2017-09-25 10:13:00,,,,,,,
2017-09-25 10:14:00,,,,,,,
2017-09-25 10:15:00,,,,,,,
2017-09-25 10:16:00,,,,,,,
2017-09-25 10:17:00,,,,,,,
2017-09-25 10:18:00,,,,,,,
2017-09-25 10:19:00,,,,,,,
2017-09-25 10:20:00,,,,,,,
2017-09-25 10:21:00,,,,,,,
2017-09-25 10:22:00,,,,,,,
2017-09-25 10:23:00,,,,,,,
2017-09-25 10:24:00,,,,,,,
2017-09-25 10:25:00,,,,,,,
2017-09-25 10:26:00,,,,,,,
2017-09-25 10:27:00,,,,,,,
2017-09-25 10:28:00,,,,,,,
2017-09-25 10:29:00,,,,,,,
2017-09-25 10:30:00,,,,,,,
2017-09-25 10:31:00,,,,,,,
2017-09-25 10:32:00,,,,,,,
2017-09-25 10:33:00,,,,,,,
2017-09-25 10:34:00,,,,,,,
2017-09-25 10:35:00,,,,,,,
2017-09-25 10:36:00,,,,,,,
2017-09-25 10:37:00,,,,,,,
2017-09-25 10:38:00,,,,,,,
2017-09-25 10:39:00,,,,,,,
2017-09-25 10:40:00,,,,,,,
2017-09-25 10:41:00,,,,,,,
2017-09-25 10:42:00,,,,,,,
2017-09-25 10:43:00,,,,,,,
2017-09-25 10:44:00,,,,,,,
2017-09-25 10:45:00,,,,,,,
2017-09-25 10:46:00,,,,,,,
2017-09-25 10:47:00,,,,,,,
2017-09-25 10:48:00,,,,,,,
2017-09-25 10:49:00,,,,,,,
2017-09-25 10:50:00,,,,,,,
2017-09-25 10:51:00,,,,,,,
2017-09-25 10:52:00,,,,,,,
2017-09-25 10:53:00,,,,,,,
2017-09-25 10:54:00,,,,,,,
2017-09-25 10:55:00,,,,,,,
2017-09-25 10:56:00,,,,,,,
2017-09-25 10:57:00,,,,,,,
2017-09-25 10:58:00,,,,,,,
2017-09-25 10:59:00,,,,,,,
2017-09-25 11:00:00,,,,,,,
2017-09-25 11:01:00,,,,,,,
2017-09-25 11:02:00,,,,,,,
2017-09-25 11:03:00,,,,,,,
2017-09-25 11:04:00,,,,,,,
2017-09-25 11:05:00,,,,,,,
2017-09-25 11:06:00,,,,,,,
2017-09-25 11:07:00,,,,,,,
2017-09-25 11:08:00,,,,,,,
2017-09-25 11:09:00,,,,,,,
2017-09-25 11:10:00,,,,,,,
2017-09-25 11:11:00,,,,,,,
2017-09-25 11:12:00,,,,,,,
2017-09-25 11:13:00,,,,,,,
2017-09-25 11:14:00,,,,,,,
2017-09-25 11:15:00,,,,,,,
2017-09-25 11:16:00,,,,,,,
2017-09-25 11:17:00,,,,,,,
2017-09-25 11:18:00,,,,,,,
2017-09-25 11:19:00,,,,,,,
2017-09-25 11:20:00,,,,,,,
2017-09-25 11:21:00,,,,,,,
2017-09-25 11:22:00,,,,,,,
2017-09-25 11:23:00,,,,,,,
2017-09-25 11:24:00,,,,,,,
2017-09-25 11:25:00,,,,,,,
2017-09-25 11:26:00,,,,,,,
2017-09-25 11:27:00,,,,,,,
2017-09-25 11:28:00,,,,,,,
2017-09-25 11:29:00,,,,,,,
2017-09-25 11:30:00,,,,,,,
2017-09-25 11:31:00,,,,,,,
2017-09-25 11:32:00,,,,,,,
2017-09-25 11:33:00,,,,,,,
2017-09-25 11:34:00,,,,,,,
2017-09-25 11:35:00,,,,,,,
2017-09-25 11:36:00,,,,,,,
2017-09-25 11:37:00,,,,,,,
2017-09-25 11:38:00,,,,,,,
2017-09-25 11:39:00,,,,,,,
2017-09-25 11:40:00,,,,,,,
2017-09-25 11:41:00,,,,,,,
2017-09-25 11:42:00,,,,,,,
2017-09-25 11:43:00,,,,,,,
2017-09-25 11:44:00,,,,,,,
2017-09-25 11:45:00,,,,,,,
2017-09-25 11:46:00,,,,,,,
2017-09-25 11:47:00,,,,,,,
2017-09-25 11:48:00,,,,,,,
2017-09-25 11:49:00,,,,,,,
2017-09-25 11:50:00,,,,,,,
2017-09-25 11:51:00,,,,,,,
2017-09-25 11:52:00,,,,,,,
2017-09-25 11:53:00,,,,,,,
2017-09-25 11:54:00,,,,,,,
2017-09-25 11:55:00,,,,,,,
2017-09-25 11:56:00,,,,,,,
2017-09-25 11:57:00,,,,,,,
2017-09-25 11:58:00,,,,,,,
2017-09-25 11:59:00,,,,,,,
2017-09-25 12:00:00,4201000.0,4220000.0,4195000.0,4216000.0,3.81122091,16037850.82998,True
2017-09-25 12:01:00,4213000.0,4222000.0,4204000.0,4204000.0,3.31035557,13942942.68296,False
2017-09-25 12:02:00,4201000.0,4224000.0,4198000.0,4224000.0,1.39684362,5876581.74196,True
2017-09-25 12:03:00,,,,,,,
2017-09-25 12:04:00,,,,,,,
2017-09-25 12:05:00,4225000.0,4228000.0,4214000.0,4217000.0,1.43032139,6036665.30185,False
2017-09-25 12:06:00,4231000.0,4241000.0,4208000.0,4232000.0,3.97054223,16788460.49557,True
2017-09-25 12:07:00,4222000.0,4238000.0,4218000.0,4227000.0,2.02074396,8546278.70131,True
2017-09-25 12:08:00,,,,,,,
2017-09-25 12:09:00,,,,,,,
2017-09-25 12:10:00,4215000.0,4236000.0,4212000.0,4219000.0,3.05542905,12907221.62374,True
2017-09-25 12:11:00,4219000.0,4226000.0,4219000.0,4221000.0,2.519029,10634087.83703,True
2017-09-25 12:12:00,4221000.0,4227000.0,4215000.0,4227000.0,1.118573,4722178.06017,True
2017-09-25 12:13:00,,,,,,,
2017-09-25 12:14:00,,,,,,,
2017-09-25 12:15:00,4227000.0,4242000.0,4212000.0,4232000.0,3.14687874,13313914.60803,True
2017-09-25 12:16:00,4222000.0,4244000.0,4210000.0,4229000.0,4.62315509,19522987.97222,True
2017-09-25 12:17:00,4219000.0,4235000.0,4218000.0,4227000.0,1.761704,7442780.64365,True
2017-09-25 12:18:00,,,,,,,
2017-09-25 12:19:00,,,,,,,
2017-09-25 12:20:00,4215000.0,4239000.0,4203000.0,4218000.0,3.70904417,15645003.01947,True
2017-09-25 12:21:00,4215000.0,4239000.0,4206000.0,4206000.0,4.26552164,18010445.65644,False
2017-09-25 12:22:00,4239000.0,4242000.0,4215000.0,4215000.0,1.138603,4811069.3721,False
2017-09-25 12:23:00,,,,,,,
2017-09-25 12:24:00,,,,,,,
2017-09-25 12:25:00,4215000.0,4221000.0,4203000.0,4221000.0,1.8970202,7991074.01574,True
2017-09-25 12:26:00,4215000.0,4227000.0,4191000.0,4191000.0,4.34523637,18285414.74115,False
2017-09-25 12:27:00,4191000.0,4221000.0,4191000.0,4221000.0,0.78957,3324043.83,True
2017-09-25 12:28:00,,,,,,,
2017-09-25 12:29:00,,,,,,,
2017-09-25 12:30:00,4219000.0,4234000.0,4207000.0,4208000.0,3.1405113,13260769.02321,False
2017-09-25 12:31:00,4208000.0,4226000.0,4207000.0,4220000.0,4.18378145,17626994.9749,True
2017-09-25 12:32:00,4219000.0,4225000.0,4204000.0,4204000.0,1.60495005,6766890.16632,False
2017-09-25 12:33:00,,,,,,,
2017-09-25 12:34:00,,,,,,,
2017-09-25 12:35:00,4217000.0,4229000.0,4202000.0,4221000.0,3.37092463,14208001.67374,True
2017-09-25 12:36:00,4227000.0,4236000.0,4209000.0,4236000.0,4.61311032,19501190.16822,True
2017-09-25 12:37:00,4236000.0,4242000.0,4236000.0,4242000.0,1.030203,4365878.22231,True
2017-09-25 12:38:00,,,,,,,
2017-09-25 12:39:00,,,,,,,
2017-09-25 12:40:00,4227000.0,4233000.0,4212000.0,4225000.0,3.58302077,15131342.42579,False
2017-09-25 12:41:00,4219000.0,4231000.0,4214000.0,4229000.0,3.21761266,13586012.69336,True
2017-09-25 12:42:00,4229000.0,4229000.0,4205000.0,4205000.0,2.841548,11981799.64537,False
2017-09-25 12:43:00,,,,,,,
2017-09-25 12:44:00,,,,,,,
2017-09-25 12:45:00,4223000.0,4229000.0,4199000.0,4212000.0,3.15255028,13291044.95685,False
2017-09-25 12:46:00,4212000.0,4227000.0,4203000.0,4225000.0,3.26455615,13765294.99525,True
2017-09-25 12:47:00,4215000.0,4224000.0,4200000.0,4224000.0,3.06274446,12902707.9719,True
2017-09-25 12:48:00,,,,,,,
2017-09-25 12:49:00,,,,,,,
2017-09-25 12:50:00,4215000.0,4215000.0,4206000.0,4206000.0,2.25127963,9481818.5535,False
2017-09-25 12:51:00,4206000.0,4216000.0,4200000.0,4212000.0,3.438334,14473269.25964,True
2017-09-25 12:52:00,4212000.0,4224000.0,4203000.0,4224000.0,1.167887,4918938.34713,True
2017-09-25 12:53:00,,,,,,,
2017-09-25 12:54:00,,,,,,,
2017-09-25 12:55:00,4202000.0,4217000.0,4202000.0,4214000.0,1.58507357,6678631.45684,True
2017-09-25 12:56:00,4214000.0,4215000.0,4200000.0,4200000.0,3.05740772,12869932.10058,False
2017-09-25 12:57:00,4217000.0,4217000.0,4202000.0,4202000.0,1.33511927,5615580.49192,False
2017-09-25 12:58:00,,,,,,,
2017-09-25 12:59:00,,,,,,,
2017-09-25 13:00:00,4222000.0,4222000.0,4213000.0,4214000.0,1.823411,7687582.41045,False
2017-09-25 13:01:00,4211000.0,4226000.0,4208000.0,4220000.0,2.75320315,11608536.50813,True
2017-09-25 13:02:00,4226000.0,4235000.0,4211000.0,4235000.0,3.07987615,13007462.36912,True
2017-09-25 13:03:00,,,,,,,
2017-09-25 13:04:00,,,,,,,
2017-09-25 13:05:00,,,,,,,
2017-09-25 13:06:00,,,,,,,
2017-09-25 13:07:00,,,,,,,
2017-09-25 13:08:00,,,,,,,
2017-09-25 13:09:00,,,,,,,
2017-09-25 13:10:00,,,,,,,
2017-09-25 13:11:00,,,,,,,
2017-09-25 13:12:00,,,,,,,
2017-09-25 13:13:00,,,,,,,
2017-09-25 13:14:00,,,,,,,
2017-09-25 13:15:00,,,,,,,
2017-09-25 13:16:00,,,,,,,
2017-09-25 13:17:00,,,,,,,
2017-09-25 13:18:00,,,,,,,
2017-09-25 13:19:00,,,,,,,
2017-09-25 13:20:00,,,,,,,
2017-09-25 13:21:00,,,,,,,
2017-09-25 13:22:00,,,,,,,
2017-09-25 13:23:00,,,,,,,
2017-09-25 13:24:00,,,,,,,
2017-09-25 13:25:00,,,,,,,
2017-09-25 13:26:00,,,,,,,
2017-09-25 13:27:00,,,,,,,
2017-09-25 13:28:00,,,,,,,
2017-09-25 13:29:00,,,,,,,
2017-09-25 13:30:00,,,,,,,
2017-09-25 13:31:00,,,,,,,
2017-09-25 13:32:00,,,,,,,
2017-09-25 13:33:00,,,,,,,
2017-09-25 13:34:00,,,,,,,
2017-09-25 13:35:00,,,,,,,
2017-09-25 13:36:00,,,,,,,
2017-09-25 13:37:00,,,,,,,
2017-09-25 13:38:00,,,,,,,
2017-09-25 13:39:00,,,,,,,
2017-09-25 13:40:00,,,,,,,
2017-09-25 13:41:00,,,,,,,
2017-09-25 13:42:00,,,,,,,
2017-09-25 13:43:00,,,,,,,
2017-09-25 13:44:00,,,,,,,
2017-09-25 13:45:00,,,,,,,
2017-09-25 13:46:00,,,,,,,
2017-09-25 13:47:00,,,,,,,
2017-09-25 13:48:00,,,,,,,
2017-09-25 13:49:00,,,,,,,
2017-09-25 13:50:00,,,,,,,
2017-09-25 13:51:00,,,,,,,
2017-09-25 13:52:00,,,,,,,
2017-09-25 13:53:00,,,,,,,
2017-09-25 13:54:00,,,,,,,
2017-09-25 13:55:00,,,,,,,
2017-09-25 13:56:00,,,,,,,
2017-09-25 13:57:00,,,,,,,
2017-09-25 13:58:00,,,,,,,
2017-09-25 13:59:00,,,,,,,
2017-09-25 14:00:00,,,,,,,
2017-09-25 14:01:00,,,,,,,
2017-09-25 14:02:00,,,,,,,
2017-09-25 14:03:00,,,,,,,
2017-09-25 14:04:00,,,,,,,
2017-09-25 14:05:00,,,,,,,
2017-09-25 14:06:00,,,,,,,
2017-09-25 14:07:00,,,,,,,
2017-09-25 14:08:00,,,,,,,
2017-09-25 14:09:00,,,,,,,
2017-09-25 14:10:00,,,,,,,
2017-09-25 14:11:00,,,,,,,
2017-09-25 14:12:00,,,,,,,
2017-09-25 14:13:00,,,,,,,
2017-09-25 14:14:00,,,,,,,
2017-09-25 14:15:00,,,,,,,
2017-09-25 14:16:00,,,,,,,
2017-09-25 14:17:00,,,,,,,
2017-09-25 14:18:00,,,,,,,
2017-09-25 14:19:00,,,,,,,
2017-09-25 14:20:00,,,,,,,
2017-09-25 14:21:00,,,,,,,
2017-09-25 14:22:00,,,,,,,
2017-09-25 14:23:00,,,,,,,
2017-09-25 14:24:00,,,,,,,
2017-09-25 14:25:00,,,,,,,
2017-09-25 14:26:00,,,,,,,
2017-09-25 14:27:00,,,,,,,
2017-09-25 14:28:00,,,,,,,
2017-09-25 14:29:00,,,,,,,
2017-09-25 14:30:00,,,,,,,
2017-09-25 14:31:00,,,,,,,
2017-09-25 14:32:00,,,,,,,
2017-09-25 14:33:00,,,,,,,
2017-09-25 14:34:00,,,,,,,
2017-09-25 14:35:00,,,,,,,
2017-09-25 14:36:00,,,,,,,
2017-09-25 14:37:00,,,,,,,
2017-09-25 14:38:00,,,,,,,
2017-09-25 14:39:00,,,,,,,
2017-09-25 14:40:00,,,,,,,
2017-09-25 14:41:00,,,,,,,
2017-09-25 14:42:00,,,,,,,
2017-09-25 14:43:00,,,,,,,
2017-09-25 14:44:00,,,,,,,
2017-09-25 14:45:00,,,,,,,
2017-09-25 14:46:00,,,,,,,
2017-09-25 14:47:00,,,,,,,
2017-09-25 14:48:00,,,,,,,
2017-09-25 14:49:00,,,,,,,
2017-09-25 14:50:00,,,,,,,
2017-09-25 14:51:00,,,,,,,
2017-09-25 14:52:00,,,,,,,
2017-09-25 14:53:00,,,,,,,
2017-09-25 14:54:00,,,,,,,
2017-09-25 14:55:00,,,,,,,
2017-09-25 14:56:00,,,,,,,
2017-09-25 14:57:00,,,,,,,
2017-09-25 14:58:00,,,,,,,
2017-09-25 14:59:00,,,,,,,
2017-09-25 15:00:00,,,,,,,
2017-09-25 15:01:00,,,,,,,
2017-09-25 15:02:00,,,,,,,
2017-09-25 15:03:00,,,,,,,
2017-09-25 15:04:00,,,,,,,
2017-09-25 15:05:00,,,,,,,
2017-09-25 15:06:00,,,,,,,
2017-09-25 15:07:00,,,,,,,
2017-09-25 15:08:00,,,,,,,
2017-09-25 15:09:00,,,,,,,
2017-09-25 15:10:00,,,,,,,
2017-09-25 15:11:00,,,,,,,
2017-09-25 15:12:00,,,,,,,
2017-09-25 15:13:00,,,,,,,
2017-09-25 15:14:00,,,,,,,
2017-09-25 15:15:00,,,,,,,
2017-09-25 15:16:00,,,,,,,
2017-09-25 15:17:00,,,,,,,
2017-09-25 15:18:00,,,,,,,
2017-09-25 15:19:00,,,,,,,
2017-09-25 15:20:00,,,,,,,
2017-09-25 15:21:00,,,,,,,
2017-09-25 15:22:00,,,,,,,
2017-09-25 15:23:00,,,,,,,
2017-09-25 15:24:00,,,,,,,
2017-09-25 15:25:00,,,,,,,
2017-09-25 15:26:00,,,,,,,
2017-09-25 15:27:00,,,,,,,
2017-09-25 15:28:00,,,,,,,
2017-09-25 15:29:00,,,,,,,
2017-09-25 15:30:00,,,,,,,
2017-09-25 15:31:00,,,,,,,
2017-09-25 15:32:00,,,,,,,
2017-09-25 15:33:00,,,,,,,
2017-09-25 15:34:00,,,,,,,
2017-09-25 15:35:00,,,,,,,
2017-09-25 15:36:00,,,,,,,
2017-09-25 15:37:00,,,,,,,
2017-09-25 15:38:00,,,,,,,
2017-09-25 15:39:00,,,,,,,
2017-09-25 15:40:00,,,,,,,
2017-09-25 15:41:00,,,,,,,
2017-09-25 15:42:00,,,,,,,
2017-09-25 15:43:00,,,,,,,
2017-09-25 15:44:00,,,,,,,
2017-09-25 15:45:00,,,,,,,
2017-09-25 15:46:00,,,,,,,
2017-09-25 15:47:00,,,,,,,
2017-09-25 15:48:00,,,,,,,
2017-09-25 15:49:00,,,,,,,
2017-09-25 15:50:00,,,,,,,
2017-09-25 15:51:00,,,,,,,
2017-09-25 15:52:00,,,,,,,
2017-09-25 15:53:00,,,,,,,
2017-09-25 15:54:00,,,,,,,
2017-09-25 15:55:00,,,,,,,
2017-09-25 15:56:00,,,,,,,
2017-09-25 15:57:00,,,,,,,
2017-09-25 15:58:00,,,,,,,
2017-09-25 15:59:00,,,,,,,
2017-09-25 16:00:00,,,,,,,
2017-09-25 16:01:00,,,,,,,
2017-09-25 16:02:00,,,,,,,
2017-09-25 16:03:00,,,,,,,
2017-09-25 16:04:00,,,,,,,
2017-09-25 16:05:00,,,,,,,
2017-09-25 16:06:00,,,,,,,
2017-09-25 16:07:00,,,,,,,
2017-09-25 16:08:00,,,,,,,
2017-09-25 16:09:00,,,,,,,
2017-09-25 16:10:00,,,,,,,
2017-09-25 16:11:00,,,,,,,
2017-09-25 16:12:00,,,,,,,
2017-09-25 16:13:00,,,,,,,
2017-09-25 16:14:00,,,,,,,
2017-09-25 16:15:00,,,,,,,
2017-09-25 16:16:00,,,,,,,
2017-09-25 16:17:00,,,,,,,
2017-09-25 16:18:00,,,,,,,
2017-09-25 16:19:00,,,,,,,
2017-09-25 16:20:00,,,,,,,
2017-09-25 16:21:00,,,,,,,
2017-09-25 16:22:00,,,,,,,
2017-09-25 16:23:00,,,,,,,
2017-09-25 16:24:00,,,,,,,
2017-09-25 16:25:00,,,,,,,
2017-09-25 16:26:00,,,,,,,
2017-09-25 16:27:00,,,,,,,
2017-09-25 16:28:00,,,,,,,
2017-09-25 16:29:00,,,,,,,
2017-09-25 16:30:00,,,,,,,
2017-09-25 16:31:00,,,,,,,
2017-09-25 16:32:00,,,,,,,
2017-09-25 16:33:00,,,,,,,
2017-09-25 16:34:00,,,,,,,
2017-09-25 16:35:00,,,,,,,
2017-09-25 16:36:00,,,,,,,
2017-09-25 16:37:00,,,,,,,
2017-09-25 16:38:00,,,,,,,
2017-09-25 16:39:00,,,,,,,
2017-09-25 16:40:00,,,,,,,
2017-09-25 16:41:00,,,,,,,
2017-09-25 16:42:00,,,,,,,
2017-09-25 16:43:00,,,,,,,
2017-09-25 16:44:00,,,,,,,
2017-09-25 16:45:00,,,,,,,
2017-09-25 16:46:00,,,,,,,
2017-09-25 16:47:00,,,,,,,
2017-09-25 16:48:00,,,,,,,
2017-09-25 16:49:00,,,,,,,
2017-09-25 16:50:00,,,,,,,
2017-09-25 16:51:00,,,,,,,
2017-09-25 16:52:00,,,,,,,
2017-09-25 16:53:00,,,,,,,
2017-09-25 16:54:00,,,,,,,
2017-09-25 16:55:00,,,,,,,
2017-09-25 16:56:00,,,,,,,
2017-09-25 16:57:00,,,,,,,
2017-09-25 16:58:00,,,,,,,
2017-09-25 16:59:00,,,,,,,
2017-09-25 17:00:00,,,,,,,
2017-09-25 17:01:00,,,,,,,
2017-09-25 17:02:00,,,,,,,
2017-09-25 17:03:00,,,,,,,
2017-09-25 17:04:00,,,,,,,
2017-09-25 17:05:00,,,,,,,
2017-09-25 17:06:00,,,,,,,
2017-09-25 17:07:00,,,,,,,
2017-09-25 17:08:00,,,,,,,
2017-09-25 17:09:00,,,,,,,
2017-09-25 17:10:00,,,,,,,
2017-09-25 17:11:00,,,,,,,
2017-09-25 17:12:00,,,,,,,
2017-09-25 17:13:00,,,,,,,
2017-09-25 17:14:00,,,,,,,
2017-09-25 17:15:00,,,,,,,
2017-09-25 17:16:00,,,,,,,
2017-09-25 17:17:00,,,,,,,
2017-09-25 17:18:00,,,,,,,
2017-09-25 17:19:00,,,,,,,
2017-09-25 17:20:00,,,,,,,
2017-09-25 17:21:00,,,,,,,
2017-09-25 17:22:00,,,,,,,
2017-09-25 17:23:00,,,,,,,
2017-09-25 17:24:00,,,,,,,
2017-09-25 17:25:00,,,,,,,
2017-09-25 17:26:00,,,,,,,
2017-09-25 17:27:00,,,,,,,
2017-09-25 17:28:00,,,,,,,
2017-09-25 17:29:00,,,,,,,
2017-09-25 17:30:00,4235000.0,4235000.0,4235000.0,4235000.0,3e-05,127.05,
2017-09-25 17:31:00,,,,,,,
2017-09-25 17:32:00,,,,,,,
2017-09-25 17:33:00,,,,,,,
2017-09-25 17:34:00,,,,,,,
2017-09-25 17:35:00,,,,,,,
2017-09-25 17:36:00,,,,,,,
2017-09-25 17:37:00,,,,,,,
2017-09-25 17:38:00,,,,,,,
2017-09-25 17:39:00,,,,,,,
2017-09-25 17:40:00,,,,,,,
2017-09-25 17:41:00,,,,,,,
2017-09-25 17:42:00,,,,,,,
2017-09-25 17:43:00,,,,,,,
2017-09-25 17:44:00,,,,,,,
2017-09-25 17:45:00,,,,,,,
2017-09-25 17:46:00,,,,,,,
2017-09-25 17:47:00,,,,,,,
2017-09-25 17:48:00,,,,,,,
2017-09-25 17:49:00,,,,,,,
2017-09-25 17:50:00,,,,,,,
2017-09-25 17:51:00,,,,,,,
2017-09-25 17:52:00,,,,,,,
2017-09-25 17:53:00,,,,,,,
2017-09-25 17:54:00,,,,,,,
2017-09-25 17:55:00,,,,,,,
2017-09-25 17:56:00,,,,,,,
2017-09-25 17:57:00,,,,,,,
2017-09-25 17:58:00,,,,,,,
2017-09-25 17:59:00,,,,,,,
2017-09-25 18:00:00,,,,,,,
2017-09-25 18:01:00,,,,,,,
2017-09-25 18:02:00,,,,,,,
2017-09-25 18:03:00,,,,,,,
2017-09-25 18:04:00,,,,,,,
2017-09-25 18:05:00,,,,,,,
2017-09-25 18:06:00,,,,,,,
2017-09-25 18:07:00,,,,,,,
2017-09-25 18:08:00,,,,,,,
2017-09-25 18:09:00,,,,,,,
2017-09-25 18:10:00,,,,,,,
2017-09-25 18:11:00,,,,,,,
2017-09-25 18:12:00,,,,,,,
2017-09-25 18:13:00,,,,,,,
2017-09-25 18:14:00,,,,,,,
2017-09-25 18:15:00,,,,,,,
2017-09-25 18:16:00,,,,,,,
2017-09-25 18:17:00,,,,,,,
2017-09-25 18:18:00,,,,,,,
2017-09-25 18:19:00,,,,,,,
2017-09-25 18:20:00,,,,,,,
2017-09-25 18:21:00,,,,,,,
2017-09-25 18:22:00,,,,,,,
2017-09-25 18:23:00,,,,,,,
2017-09-25 18:24:00,,,,,,,
2017-09-25 18:25:00,,,,,,,
2017-09-25 18:26:00,,,,,,,
2017-09-25 18:27:00,,,,,,,
2017-09-25 18:28:00,,,,,,,
2017-09-25 18:29:00,,,,,,,
2017-09-25 18:30:00,,,,,,,
2017-09-25 18:31:00,,,,,,,
2017-09-25 18:32:00,,,,,,,
2017-09-25 18:33:00,,,,,,,
2017-09-25 18:34:00,,,,,,,
2017-09-25 18:35:00,,,,,,,
2017-09-25 18:36:00,,,,,,,
2017-09-25 18:37:00,,,,,,,
2017-09-25 18:38:00,,,,,,,
2017-09-25 18:39:00,,,,,,,
2017-09-25 18:40:00,,,,,,,
2017-09-25 18:41:00,,,,,,,
2017-09-25 18:42:00,,,,,,,
2017-09-25 18:43:00,,,,,,,
2017-09-25 18:44:00,,,,,,,
2017-09-25 18:45:00,,,,,,,
2017-09-25 18:46:00,,,,,,,
2017-09-25 18:47:00,,,,,,,
2017-09-25 18:48:00,,,,,,,
2017-09-25 18:49:00,,,,,,,
2017-09-25 18:50:00,,,,,,,
2017-09-25 18:51:00,,,,,,,
2017-09-25 18:52:00,,,,,,,
2017-09-25 18:53:00,,,,,,,
2017-09-25 18:54:00,,,,,,,
2017-09-25 18:55:00,,,,,,,
2017-09-25 18:56:00,,,,,,,
2017-09-25 18:57:00,,,,,,,
2017-09-25 18:58:00,,,,,,,
2017-09-25 18:59:00,,,,,,,
2017-09-25 19:00:00,,,,,,,
2017-09-25 19:01:00,,,,,,,
2017-09-25 19:02:00,,,,,,,
2017-09-25 19:03:00,,,,,,,
2017-09-25 19:04:00,,,,,,,
2017-09-25 19:05:00,,,,,,,
2017-09-25 19:06:00,,,,,,,
2017-09-25 19:07:00,4213000.0,4213000.0,4213000.0,4213000.0,2.053e-05,86.49289,
2017-09-25 19:08:00,,,,,,,
2017-09-25 19:09:00,,,,,,,
2017-09-25 19:10:00,,,,,,,
2017-09-25 19:11:00,,,,,,,
2017-09-25 19:12:00,,,,,,,
2017-09-25 19:13:00,,,,,,,
2017-09-25 19:14:00,,,,,,,
2017-09-25 19:15:00,,,,,,,
2017-09-25 19:16:00,,,,,,,
2017-09-25 19:17:00,,,,,,,
2017-09-25 19:18:00,,,,,,,
2017-09-25 19:19:00,,,,,,,
2017-09-25 19:20:00,,,,,,,
2017-09-25 19:21:00,,,,,,,
2017-09-25 19:22:00,,,,,,,
2017-09-25 19:23:00,,,,,,,
2017-09-25 19:24:00,,,,,,,
2017-09-25 19:25:00,,,,,,,
2017-09-25 19:26:00,,,,,,,
2017-09-25 19:27:00,,,,,,,
2017-09-25 19:28:00,,,,,,,
2017-09-25 19:29:00,,,,,,,
2017-09-25 19:30:00,,,,,,,
2017-09-25 19:31:00,,,,,,,
2017-09-25 19:32:00,,,,,,,
2017-09-25 19:33:00,,,,,,,
2017-09-25 19:34:00,,,,,,,
2017-09-25 19:35:00,,,,,,,
2017-09-25 19:36:00,,,,,,,
2017-09-25 19:37:00,,,,,,,
2017-09-25 19:38:00,,,,,,,
2017-09-25 19:39:00,,,,,,,
2017-09-25 19:40:00,,,,,,,
2017-09-25 19:41:00,,,,,,,
2017-09-25 19:42:00,,,,,,,
2017-09-25 19:43:00,4187000.0,4187000.0,4187000.0,4187000.0,0.27269145,1141759.10115,
2017-09-25 19:44:00,,,,,,,
2017-09-25 19:45:00,,,,,,,
2017-09-25 19:46:00,,,,,,,
2017-09-25 19:47:00,,,,,,,
2017-09-25 19:48:00,4193000.0,4193000.0,4193000.0,4193000.0,0.02735493,114699.22149,
2017-09-25 19:49:00,,,,,,,
2017-09-25 19:50:00,,,,,,,
2017-09-25 19:51:00,,,,,,,
2017-09-25 19:52:00,,,,,,,
2017-09-25 19:53:00,,,,,,,
2017-09-25 19:54:00,,,,,,,
2017-09-25 19:55:00,,,,,,,
2017-09-25 19:56:00,4194000.0,4194000.0,4194000.0,4194000.0,0.61414453,2575722.15882,
2017-09-25 19:57:00,,,,,,,
2017-09-25 19:58:00,,,,,,,
2017-09-25 19:59:00,4204000.0,4204000.0,4204000.0,4204000.0,7.5e-05,315.3,
2017-09-25 20:00:00,4204000.0,4204000.0,4204000.0,4204000.0,0.37226998,1565022.99592,
2017-09-25 20:01:00,4204000.0,4204000.0,4204000.0,4204000.0,0.000252,1059.408,
2017-09-25 20:02:00,4195000.0,4195000.0,4195000.0,4195000.0,3e-05,125.85,
2017-09-25 20:03:00,4195000.0,4195000.0,4195000.0,4195000.0,0.000358,1501.81,
2017-09-25 20:04:00,4195000.0,4195000.0,4195000.0,4195000.0,0.00207286,8695.6477,
2017-09-25 20:05:00,4186000.0,4186000.0,4186000.0,4186000.0,0.001616,6764.576,
2017-09-25 20:06:00,4195000.0,4195000.0,4195000.0,4195000.0,0.004821,20224.095,
2017-09-25 20:07:00,4194000.0,4194000.0,4188000.0,4194000.0,0.009585,40175.424,
2017-09-25 20:08:00,4188000.0,4193000.0,4188000.0,4193000.0,0.002149,9000.892,True
2017-09-25 20:09:00,,,,,,,
2017-09-25 20:10:00,4181000.0,4181000.0,4181000.0,4181000.0,0.002353,9837.893,
2017-09-25 20:11:00,4188000.0,4188000.0,4188000.0,4188000.0,0.002526,10578.888,
2017-09-25 20:12:00,4182000.0,4182000.0,4182000.0,4182000.0,0.003955,16539.81,
2017-09-25 20:13:00,4187000.0,4187000.0,4187000.0,4187000.0,0.003495,14633.565,
2017-09-25 20:14:00,4187000.0,4187000.0,4181000.0,4181000.0,0.001366,5718.638,False
2017-09-25 20:15:00,4186000.0,4186000.0,4186000.0,4186000.0,0.005272,22068.592,
2017-09-25 20:16:00,4187000.0,4188000.0,4187000.0,4188000.0,0.005728,23985.511,True
2017-09-25 20:17:00,,,,,,,
2017-09-25 20:18:00,4187000.0,4187000.0,4181000.0,4181000.0,0.013761,57577.353,False
2017-09-25 20:19:00,4175000.0,4181000.0,4175000.0,4181000.0,0.001565,6537.703,True
2017-09-25 20:20:00,4183000.0,4183000.0,4183000.0,4183000.0,0.005641,23596.303,
2017-09-25 20:21:00,4177000.0,4177000.0,4177000.0,4177000.0,0.000625,2610.625,
2017-09-25 20:22:00,4182000.0,4182000.0,4175000.0,4175000.0,0.007749,32374.713,False
2017-09-25 20:23:00,4175000.0,4177000.0,4175000.0,4177000.0,0.001109,4631.213,True
2017-09-25 20:24:00,4183000.0,4183000.0,4183000.0,4183000.0,0.000214,895.162,
2017-09-25 20:25:00,4184000.0,4184000.0,4184000.0,4184000.0,0.002769,11585.496,
2017-09-25 20:26:00,4182000.0,4182000.0,4182000.0,4182000.0,0.001785,7464.87,
2017-09-25 20:27:00,4189000.0,4189000.0,4182000.0,4182000.0,0.003497,14630.957,False
2017-09-25 20:28:00,4188000.0,4191000.0,4185000.0,4185000.0,0.89232231,3738708.21138,False
2017-09-25 20:29:00,4197000.0,4197000.0,4197000.0,4197000.0,0.002629,11033.913,
2017-09-25 20:30:00,4192000.0,4198000.0,4192000.0,4198000.0,0.002303,9666.806,True
2017-09-25 20:31:00,4187000.0,4187000.0,4187000.0,4187000.0,0.003095,12958.765,
2017-09-25 20:32:00,4193000.0,4193000.0,4193000.0,4193000.0,0.002472,10365.096,
2017-09-25 20:33:00,4185000.0,4185000.0,4185000.0,4185000.0,0.002817,11789.145,
2017-09-25 20:34:00,4185000.0,4185000.0,4185000.0,4185000.0,0.000262,1096.47,
2017-09-25 20:35:00,4189000.0,4189000.0,4189000.0,4189000.0,0.01708671,71576.22819,
2017-09-25 20:36:00,4191000.0,4191000.0,4191000.0,4191000.0,0.003029,12694.539,
2017-09-25 20:37:00,4191000.0,4191000.0,4191000.0,4191000.0,0.001867,7824.597,
2017-09-25 20:38:00,4190000.0,4190000.0,4190000.0,4190000.0,0.001429,5987.51,
2017-09-25 20:39:00,,,,,,,
2017-09-25 20:40:00,4195000.0,4201000.0,4195000.0,4201000.0,0.22521486,944813.4417,True
2017-09-25 20:41:00,4201000.0,4201000.0,4189000.0,4189000.0,0.005115,21471.747,False
2017-09-25 20:42:00,4192000.0,4192000.0,4192000.0,4192000.0,0.001945,8153.44,
2017-09-25 20:43:00,4192000.0,4196000.0,4186000.0,4196000.0,0.010202,42760.304,True
2017-09-25 20:44:00,4190000.0,4196000.0,4190000.0,4196000.0,0.006309,26446.224,True
2017-09-25 20:45:00,,,,,,,
2017-09-25 20:46:00,4194000.0,4194000.0,4194000.0,4194000.0,0.00132,5536.08,
2017-09-25 20:47:00,4194000.0,4194000.0,4194000.0,4194000.0,0.000443,1857.942,
2017-09-25 20:48:00,4193000.0,4193000.0,4190000.0,4190000.0,0.007615,31912.352,False
2017-09-25 20:49:00,4187000.0,4187000.0,4187000.0,4187000.0,0.001259,5271.433,
2017-09-25 20:50:00,4187000.0,4187000.0,4187000.0,4187000.0,0.3772047,1579356.0789,
2017-09-25 20:51:00,4185000.0,4185000.0,4185000.0,4185000.0,0.07794322,326192.3757,
2017-09-25 20:52:00,4187000.0,4187000.0,4187000.0,4187000.0,0.001201,5028.587,
2017-09-25 20:53:00,4193000.0,4193000.0,4192000.0,4192000.0,0.002681,11239.67,False
2017-09-25 20:54:00,4192000.0,4192000.0,4192000.0,4192000.0,0.00416,17438.72,
2017-09-25 20:55:00,4193000.0,4193000.0,4193000.0,4193000.0,0.003048,12780.264,
2017-09-25 20:56:00,4193000.0,4193000.0,4193000.0,4193000.0,0.011023,46219.439,
2017-09-25 20:57:00,4194000.0,4195000.0,4194000.0,4195000.0,0.001765,7402.799,True
2017-09-25 20:58:00,4195000.0,4195000.0,4195000.0,4195000.0,0.0728897,305772.2915,
2017-09-25 20:59:00,4191000.0,4191000.0,4191000.0,4191000.0,0.000171,716.661,
2017-09-25 21:00:00,4191000.0,4191000.0,4191000.0,4191000.0,0.04907596,205677.34836,
2017-09-25 21:01:00,4197000.0,4197000.0,4197000.0,4197000.0,0.001812,7604.964,
2017-09-25 21:02:00,4197000.0,4197000.0,4197000.0,4197000.0,0.002776,11650.872,
2017-09-25 21:03:00,4196000.0,4196000.0,4196000.0,4196000.0,0.00178,7468.88,
2017-09-25 21:04:00,4192000.0,4192000.0,4186000.0,4186000.0,0.003391,14202.898,False
2017-09-25 21:05:00,4191000.0,4192000.0,4186000.0,4192000.0,0.005847,24486.637,True
2017-09-25 21:06:00,4197000.0,4197000.0,4191000.0,4191000.0,0.003162,13270.104,False
2017-09-25 21:07:00,4193000.0,4193000.0,4193000.0,4193000.0,0.003307,13866.251,
2017-09-25 21:08:00,4183000.0,4183000.0,4183000.0,4183000.0,0.00296,12381.68,
2017-09-25 21:09:00,4189000.0,4193000.0,4189000.0,4193000.0,0.002928,12266.284,True
2017-09-25 21:10:00,4193000.0,4193000.0,4190000.0,4190000.0,0.001529,6407.782,False
2017-09-25 21:11:00,4190000.0,4190000.0,4184000.0,4184000.0,0.008676,36336.222,False
2017-09-25 21:12:00,4190000.0,4190000.0,4190000.0,4190000.0,0.0214155,89730.945,
2017-09-25 21:13:00,4188000.0,4188000.0,4188000.0,4188000.0,0.000678,2839.464,
2017-09-25 21:14:00,4189000.0,4189000.0,4189000.0,4189000.0,0.003036,12717.804,
2017-09-25 21:15:00,4187000.0,4187000.0,4187000.0,4187000.0,0.00325,13607.75,
2017-09-25 21:16:00,4192000.0,4192000.0,4192000.0,4192000.0,0.003545,14860.64,
2017-09-25 21:17:00,4192000.0,4192000.0,4192000.0,4192000.0,0.003611,15137.312,
2017-09-25 21:18:00,4189000.0,4195000.0,4189000.0,4195000.0,0.00357,14964.36,True
2017-09-25 21:19:00,4191000.0,4191000.0,4191000.0,4191000.0,0.002852,11952.732,
2017-09-25 21:20:00,4191000.0,4197000.0,4191000.0,4197000.0,0.23044412,965812.25292,True
2017-09-25 21:21:00,4197000.0,4197000.0,4197000.0,4197000.0,0.000464,1947.408,
2017-09-25 21:22:00,4196000.0,4196000.0,4196000.0,4196000.0,0.00118,4951.28,
2017-09-25 21:23:00,4199000.0,4199000.0,4199000.0,4199000.0,0.002376,9976.824,
2017-09-25 21:24:00,4199000.0,4199000.0,4199000.0,4199000.0,0.000834,3501.966,
2017-09-25 21:25:00,4201000.0,4201000.0,4201000.0,4201000.0,0.008292,34834.692,
2017-09-25 21:26:00,,,,,,,
2017-09-25 21:27:00,4203000.0,4203000.0,4203000.0,4203000.0,0.002124,8927.172,
2017-09-25 21:28:00,4194000.0,4200000.0,4194000.0,4200000.0,0.003843,16133.898,True
2017-09-25 21:29:00,4200000.0,4200000.0,4200000.0,4200000.0,0.000518,2175.6,
2017-09-25 21:30:00,4203000.0,4203000.0,4203000.0,4203000.0,0.005539,23280.417,
2017-09-25 21:31:00,4200000.0,4200000.0,4194000.0,4194000.0,0.00521,21865.818,False
2017-09-25 21:32:00,4200000.0,4200000.0,4200000.0,4200000.0,0.001636,6871.2,
2017-09-25 21:33:00,4200000.0,4200000.0,4200000.0,4200000.0,0.003489,14653.8,
2017-09-25 21:34:00,4203000.0,4203000.0,4203000.0,4203000.0,0.004136,17383.608,
2017-09-25 21:35:00,4197000.0,4203000.0,4197000.0,4200000.0,0.004462,18731.679,True
2017-09-25 21:36:00,4197000.0,4197000.0,4197000.0,4197000.0,9e-05,377.73,
2017-09-25 21:37:00,4198000.0,4198000.0,4198000.0,4198000.0,0.000579,2430.642,
2017-09-25 21:38:00,4205000.0,4205000.0,4199000.0,4205000.0,0.003876,16297.842,
2017-09-25 21:39:00,4205000.0,4205000.0,4205000.0,4205000.0,0.000602,2531.41,
2017-09-25 21:40:00,4199000.0,4205000.0,4199000.0,4204000.0,0.36374411,1529536.04055,True
2017-09-25 21:41:00,,,,,,,
2017-09-25 21:42:00,4207000.0,4208000.0,4207000.0,4208000.0,0.003467,14588.869,True
2017-09-25 21:43:00,,,,,,,
2017-09-25 21:44:00,4214000.0,4214000.0,4214000.0,4214000.0,0.006568,27677.552,
2017-09-25 21:45:00,4209000.0,4209000.0,4206000.0,4206000.0,0.18919702,796322.83518,False
2017-09-25 21:46:00,4215000.0,4215000.0,4215000.0,4215000.0,0.000595,2507.925,
2017-09-25 21:47:00,4213000.0,4213000.0,4213000.0,4213000.0,0.001596,6723.948,
2017-09-25 21:48:00,4210000.0,4212000.0,4206000.0,4212000.0,0.002524,10627.484,True
2017-09-25 21:49:00,4211000.0,4211000.0,4211000.0,4211000.0,0.002835,11938.185,
2017-09-25 21:50:00,4211000.0,4218000.0,4211000.0,4218000.0,0.56436565,2376551.69715,True
2017-09-25 21:51:00,4212000.0,4212000.0,4212000.0,4212000.0,0.003305,13920.66,
2017-09-25 21:52:00,4212000.0,4212000.0,4212000.0,4212000.0,0.003371,14198.652,
2017-09-25 21:53:00,4212000.0,4212000.0,4212000.0,4212000.0,0.002223,9363.276,
2017-09-25 21:54:00,4212000.0,4212000.0,4212000.0,4212000.0,0.003782,15929.784,
2017-09-25 21:55:00,4210000.0,4210000.0,4210000.0,4210000.0,0.00382,16082.2,
2017-09-25 21:56:00,,,,,,,
2017-09-25 21:57:00,,,,,,,
2017-09-25 21:58:00,4213000.0,4213000.0,4211000.0,4213000.0,0.009699,40856.571,
2017-09-25 21:59:00,4211000.0,4211000.0,4211000.0,4211000.0,0.002322,9777.942,
2017-09-25 22:00:00,,,,,,,
2017-09-25 22:01:00,4211000.0,4211000.0,4211000.0,4211000.0,0.001599,6733.389,
2017-09-25 22:02:00,4219000.0,4219000.0,4219000.0,4219000.0,0.000503,2122.157,
2017-09-25 22:03:00,,,,,,,
2017-09-25 22:04:00,4224000.0,4224000.0,4224000.0,4224000.0,0.003131,13225.344,
2017-09-25 22:05:00,4221000.0,4224000.0,4221000.0,4224000.0,0.21567575,910379.05575,True
2017-09-25 22:06:00,4227000.0,4227000.0,4219000.0,4219000.0,0.00421,17774.478,False
2017-09-25 22:07:00,4226000.0,4226000.0,4226000.0,4226000.0,0.003827,16172.902,
2017-09-25 22:08:00,4226000.0,4226000.0,4226000.0,4226000.0,0.001458,6161.508,
2017-09-25 22:09:00,4224000.0,4224000.0,4224000.0,4224000.0,0.005635,23802.24,
2017-09-25 22:10:00,,,,,,,
2017-09-25 22:11:00,4211000.0,4220000.0,4211000.0,4220000.0,0.004002,16872.078,True
2017-09-25 22:12:00,4216000.0,4216000.0,4216000.0,4216000.0,0.001013,4270.808,
2017-09-25 22:13:00,4211000.0,4211000.0,4211000.0,4211000.0,0.001412,5945.932,
2017-09-25 22:14:00,4222000.0,4222000.0,4222000.0,4222000.0,0.001293,5459.046,
2017-09-25 22:15:00,4225000.0,4225000.0,4225000.0,4225000.0,0.003116,13165.1,
2017-09-25 22:16:00,4225000.0,4225000.0,4224000.0,4224000.0,0.002235,9442.159,False
2017-09-25 22:17:00,4217000.0,4217000.0,4217000.0,4217000.0,0.001823,7687.591,
2017-09-25 22:18:00,4221000.0,4221000.0,4221000.0,4221000.0,0.70216516,2963839.14036,
2017-09-25 22:19:00,4226000.0,4226000.0,4224000.0,4224000.0,0.004081,17244.784,False
2017-09-25 22:20:00,4222000.0,4226000.0,4222000.0,4226000.0,0.002661,11239.922,True
2017-09-25 22:21:00,4225000.0,4227000.0,4225000.0,4227000.0,0.005604,23679.762,True
2017-09-25 22:22:00,4227000.0,4227000.0,4227000.0,4227000.0,0.00214,9045.78,
2017-09-25 22:23:00,4226000.0,4226000.0,4226000.0,4226000.0,0.000955,4035.83,
2017-09-25 22:24:00,4226000.0,4226000.0,4222000.0,4222000.0,0.003807,16086.878,False
2017-09-25 22:25:00,4219000.0,4219000.0,4219000.0,4219000.0,0.0009,3797.1,
2017-09-25 22:26:00,4212000.0,4212000.0,4212000.0,4212000.0,0.003207,13507.884,
2017-09-25 22:27:00,,,,,,,
2017-09-25 22:28:00,4217000.0,4217000.0,4217000.0,4217000.0,0.00236,9952.12,
2017-09-25 22:29:00,4220000.0,4220000.0,4216000.0,4216000.0,0.008343,35201.264,False
2017-09-25 22:30:00,,,,,,,
2017-09-25 22:31:00,4216000.0,4216000.0,4215000.0,4215000.0,0.004978,20985.166,False
2017-09-25 22:32:00,4215000.0,4215000.0,4205000.0,4205000.0,0.001534,6458.32,False
2017-09-25 22:33:00,4213000.0,4213000.0,4213000.0,4213000.0,0.002533,10671.529,
2017-09-25 22:34:00,4214000.0,4214000.0,4214000.0,4214000.0,0.001619,6822.466,
2017-09-25 22:35:00,4212000.0,4212000.0,4212000.0,4212000.0,0.001973,8310.276,
2017-09-25 22:36:00,,,,,,,
2017-09-25 22:37:00,4210000.0,4210000.0,4210000.0,4210000.0,0.001611,6782.31,
2017-09-25 22:38:00,4211000.0,4211000.0,4205000.0,4205000.0,0.005515,23196.773,False
2017-09-25 22:39:00,4205000.0,4205000.0,4205000.0,4205000.0,0.000429,1803.945,
2017-09-25 22:40:00,4211000.0,4211000.0,4211000.0,4211000.0,0.0053,22318.3,
2017-09-25 22:41:00,4204000.0,4204000.0,4204000.0,4204000.0,0.000547,2299.588,
2017-09-25 22:42:00,4207000.0,4207000.0,4201000.0,4205000.0,0.010257,43134.869,False
2017-09-25 22:43:00,4199000.0,4199000.0,4199000.0,4199000.0,0.001238,5198.362,
2017-09-25 22:44:00,4203000.0,4203000.0,4203000.0,4203000.0,0.003716,15618.348,
2017-09-25 22:45:00,4203000.0,4203000.0,4203000.0,4203000.0,0.001276,5363.028,
2017-09-25 22:46:00,4202000.0,4202000.0,4202000.0,4202000.0,0.00448868,18861.43336,
2017-09-25 22:47:00,4203000.0,4203000.0,4203000.0,4203000.0,0.003088,12978.864,
2017-09-25 22:48:00,4203000.0,4203000.0,4203000.0,4203000.0,0.008684,36498.852,
2017-09-25 22:49:00,4201000.0,4201000.0,4201000.0,4201000.0,0.000814,3419.614,
2017-09-25 22:50:00,4200000.0,4200000.0,4194000.0,4194000.0,0.004745,19915.596,False
2017-09-25 22:51:00,4200000.0,4200000.0,4195000.0,4195000.0,0.001595,6691.75,False
2017-09-25 22:52:00,4201000.0,4201000.0,4201000.0,4201000.0,0.005144,21609.944,
2017-09-25 22:53:00,4201000.0,4202000.0,4201000.0,4202000.0,0.008165,34304.272,True
2017-09-25 22:54:00,4202000.0,4202000.0,4202000.0,4202000.0,0.002455,10315.91,
2017-09-25 22:55:00,4195000.0,4201000.0,4195000.0,4201000.0,0.006992,29350.856,True
2017-09-25 22:56:00,4200000.0,4200000.0,4200000.0,4200000.0,0.001258,5283.6,
2017-09-25 22:57:00,4202000.0,4202000.0,4202000.0,4202000.0,0.001687,7088.774,
2017-09-25 22:58:00,4202000.0,4202000.0,4202000.0,4202000.0,0.00301,12648.02,
2017-09-25 22:59:00,4196000.0,4196000.0,4196000.0,4196000.0,0.003011,12634.156,
2017-09-25 23:00:00,4202000.0,4202000.0,4196000.0,4196000.0,0.003139,13188.116,False
2017-09-25 23:01:00,4203000.0,4203000.0,4203000.0,4203000.0,0.00011,462.33,
2017-09-25 23:02:00,4202000.0,4202000.0,4196000.0,4196000.0,0.002957,12410.926,False
2017-09-25 23:03:00,4202000.0,4202000.0,4202000.0,4202000.0,0.001728,7261.056,
2017-09-25 23:04:00,4196000.0,4202000.0,4196000.0,4202000.0,0.00289,12132.584,True
2017-09-25 23:05:00,4196000.0,4196000.0,4196000.0,4196000.0,0.001647,6910.812,
2017-09-25 23:06:00,4202000.0,4202000.0,4202000.0,4202000.0,0.21687304,911300.51408,
2017-09-25 23:07:00,4202000.0,4202000.0,4202000.0,4202000.0,0.000917,3853.234,
2017-09-25 23:08:00,4208000.0,4218000.0,4208000.0,4218000.0,0.73336322,3086009.48976,True
2017-09-25 23:09:00,4213000.0,4213000.0,4213000.0,4213000.0,0.001359,5725.467,
2017-09-25 23:10:00,4213000.0,4213000.0,4213000.0,4213000.0,0.004051,17066.863,
2017-09-25 23:11:00,4212000.0,4212000.0,4212000.0,4212000.0,0.002671,11250.252,
2017-09-25 23:12:00,,,,,,,
2017-09-25 23:13:00,4210000.0,4210000.0,4210000.0,4210000.0,0.007655,32227.55,
2017-09-25 23:14:00,4216000.0,4216000.0,4216000.0,4216000.0,0.002099,8849.384,
2017-09-25 23:15:00,4213000.0,4213000.0,4213000.0,4213000.0,0.000246,1036.398,
2017-09-25 23:16:00,4213000.0,4213000.0,4213000.0,4213000.0,0.00226,9521.38,
2017-09-25 23:17:00,4218000.0,4218000.0,4218000.0,4218000.0,5.8e-05,244.644,
2017-09-25 23:18:00,4216000.0,4216000.0,4216000.0,4216000.0,0.002662,11222.992,
2017-09-25 23:19:00,4219000.0,4219000.0,4219000.0,4219000.0,0.004073,17183.987,
2017-09-25 23:20:00,4224000.0,4224000.0,4224000.0,4224000.0,0.005049,21326.976,
2017-09-25 23:21:00,4220000.0,4226000.0,4220000.0,4226000.0,0.00759,32054.784,True
2017-09-25 23:22:00,,,,,,,
2017-09-25 23:23:00,4224000.0,4224000.0,4224000.0,4224000.0,0.00281,11869.44,
2017-09-25 23:24:00,4227000.0,4233000.0,4227000.0,4233000.0,0.70022457,2959865.39739,True
2017-09-25 23:25:00,4233000.0,4239000.0,4233000.0,4239000.0,0.11820284,500363.22372,True
2017-09-25 23:26:00,4242000.0,4242000.0,4242000.0,4242000.0,0.000558,2367.036,
2017-09-25 23:27:00,4242000.0,4248000.0,4242000.0,4248000.0,0.3802298,1612961.5676,True
2017-09-25 23:28:00,4244000.0,4244000.0,4244000.0,4244000.0,0.005083,21572.252,
2017-09-25 23:29:00,4244000.0,4244000.0,4244000.0,4244000.0,0.002849,12091.156,
2017-09-25 23:30:00,4251000.0,4257000.0,4251000.0,4257000.0,0.19665877,836015.15427,True
2017-09-25 23:31:00,4257000.0,4257000.0,4257000.0,4257000.0,0.004765,20284.605,
2017-09-25 23:32:00,4255000.0,4258000.0,4255000.0,4258000.0,0.4691888,1996398.76625,True
2017-09-25 23:33:00,4258000.0,4258000.0,4258000.0,4258000.0,0.003933,16746.714,
2017-09-25 23:34:00,4263000.0,4263000.0,4263000.0,4263000.0,0.00059,2515.17,
2017-09-25 23:35:00,4266000.0,4266000.0,4266000.0,4266000.0,0.001584,6757.344,
2017-09-25 23:36:00,4269000.0,4275000.0,4266000.0,4266000.0,1.24894619,5335434.16638,False
2017-09-25 23:37:00,4277000.0,4277000.0,4277000.0,4277000.0,0.001105,4726.085,
2017-09-25 23:38:00,4282000.0,4297000.0,4282000.0,4297000.0,0.93150992,3990281.28752,True
2017-09-25 23:39:00,4298000.0,4298000.0,4298000.0,4298000.0,0.00257,11045.86,
2017-09-25 23:40:00,4298000.0,4298000.0,4298000.0,4298000.0,4.4e-05,189.112,
2017-09-25 23:41:00,4277000.0,4285000.0,4277000.0,4285000.0,0.52319507,2237717.06639,True
2017-09-25 23:42:00,4288000.0,4288000.0,4283000.0,4283000.0,0.00332,14225.78,False
2017-09-25 23:43:00,4281000.0,4284000.0,4281000.0,4284000.0,0.78617351,3367208.3508,True
2017-09-25 23:44:00,4286000.0,4286000.0,4286000.0,4286000.0,0.003545,15193.87,
2017-09-25 23:45:00,4285000.0,4285000.0,4280000.0,4280000.0,0.006245,26748.63,False
2017-09-25 23:46:00,4282000.0,4285000.0,4280000.0,4285000.0,0.005829,24958.138,True
2017-09-25 23:47:00,4279000.0,4279000.0,4279000.0,4279000.0,0.001368,5853.672,
2017-09-25 23:48:00,4280000.0,4280000.0,4275000.0,4275000.0,0.007641,32687.935,False
2017-09-25 23:49:00,4280000.0,4280000.0,4280000.0,4280000.0,0.000447,1913.16,
2017-09-25 23:50:00,4276000.0,4284000.0,4276000.0,4282000.0,0.27969346,1197354.44836,True
2017-09-25 23:51:00,,,,,,,
2017-09-25 23:52:00,4288000.0,4288000.0,4288000.0,4288000.0,0.00486,20839.68,
2017-09-25 23:53:00,4292000.0,4292000.0,4289000.0,4289000.0,0.003448,14798.258,False
2017-09-25 23:54:00,4283000.0,4283000.0,4283000.0,4283000.0,0.001554,6655.782,
2017-09-25 23:55:00,4286000.0,4286000.0,4286000.0,4286000.0,0.005173,22171.478,
2017-09-25 23:56:00,4287000.0,4287000.0,4287000.0,4287000.0,0.07548651,323610.66837,
2017-09-25 23:57:00,4297000.0,4297000.0,4292000.0,4292000.0,0.005207,22360.529,False
2017-09-25 23:58:00,4290000.0,4290000.0,4290000.0,4290000.0,0.006069,26036.01,
2017-09-25 23:59:00,4291000.0,4291000.0,4291000.0,4291000.0,0.000455,1952.405,
2017-09-26 00:00:00,4297000.0,4297000.0,4297000.0,4297000.0,0.002908,12495.676,
